# Permanent URL redirect - generated by www.rapidtables.com
Redirect 301 /about-me/ http://imyuvii.com/about/
Redirect 301 /category/web/ http://imyuvii.com/categories/web/
Redirect 301 /freelancing-job/ http://imyuvii.com/posts/freelancing-job/
Redirect 301 /home-page/ http://imyuvii.com/
Redirect 301 /category/general/ http://imyuvii.com/categories/general/
Redirect 301 /category/apache/ http://imyuvii.com/categories/apache/
Redirect 301 /tag/php/ http://imyuvii.com/tags/php/
Redirect 301 /tag/lamp/ http://imyuvii.com/tags/lamp/
Redirect 301 /category/wordpress/ http://imyuvii.com/categories/wordpress/
Redirect 301 /tag/terminal/ http://imyuvii.com/tags/terminal/
Redirect 301 /tag/ubuntu/ http://imyuvii.com/tags/ubuntu/
Redirect 301 /tag/distribution/ http://imyuvii.com/tags/distribution/
Redirect 301 /about-me/ http://imyuvii.com/posts/about-me/
Redirect 301 /tag/upwork/ http://imyuvii.com/tags/upwork/
Redirect 301 /tag/block/ http://imyuvii.com/tags/block/
Redirect 301 /writing-log-file/ http://imyuvii.com/posts/writing-log-file/
Redirect 301 /optimize-website-performance/ http://imyuvii.com/posts/optimize-website-performance/
Redirect 301 /hiring-seo-agency/ http://imyuvii.com/posts/hiring-seo-agency/
Redirect 301 /last-flight-php7/ http://imyuvii.com/posts/last-flight-php7/
Redirect 301 /install-phpmyadmin-centos/ http://imyuvii.com/posts/install-phpmyadmin-centos/
Redirect 301 /distribute-iphone-app-air/ http://imyuvii.com/posts/distribute-iphone-app-air/
Redirect 301 /scp-command-transferring-files/ http://imyuvii.com/posts/scp-command-transferring-files/
Redirect 301 /start-stop-restart-apache/ http://imyuvii.com/posts/start-stop-restart-apache/
Redirect 301 /website-deployment-using-git/ http://imyuvii.com/posts/website-deployment-using-git/
Redirect 301 /best-contact-plugins-wordpress/ http://imyuvii.com/posts/best-contact-plugins-wordpress/
Redirect 301 /ssh-config-file-rescue/ http://imyuvii.com/posts/ssh-config-file-rescue/
Redirect 301 /configure-virtual-host-centos/ http://imyuvii.com/posts/configure-virtual-host-centos/
Redirect 301 /display-code-block-wordpress/ http://imyuvii.com/posts/display-code-block-wordpress/
Redirect 301 /installing-lamp-stack-ubuntu/ http://imyuvii.com/posts/installing-lamp-stack-ubuntu/
Redirect 301 /tag/php7/ http://imyuvii.com/tags/php7/
Redirect 301 /tag/seo/ http://imyuvii.com/tags/seo/
Redirect 301 /tag/basic/ http://imyuvii.com/tags/
Redirect 301 /tag/web/ http://imyuvii.com/tags/web/
Redirect 301 /tag/job/ http://imyuvii.com/tags/
Redirect 301 /tag/concepts/ http://imyuvii.com/tags/
Redirect 301 /posts/about-me http://imyuvii.com/about
Redirect 301 /installing-godaddy-ssl-ubuntu/ http://imyuvii.com/posts/installing-godaddy-ssl-ubuntu/
Redirect 301 /best-quality-upwork-clients/ http://imyuvii.com/posts/best-quality-upwork-clients/
Redirect 301 /how-to-buy-domain-name/ http://imyuvii.com/posts/how-to-buy-domain-name/
Redirect 301 /execute-shell-commands-via-php/ http://imyuvii.com/posts/execute-shell-commands-via-php/
Redirect 301 /proper-way-work-assets-yii/ http://imyuvii.com/posts/proper-way-work-assets-yii/
Redirect 301 /mysql-import-export-large-databases/ http://imyuvii.com/posts/mysql-import-export-large-databases/
Redirect 301 /freelancer-not-mean-will-work-free/ http://imyuvii.com/posts/freelancer-not-mean-will-work-free/
Redirect 301 /posts/installing-godaddy-ssl-ubuntu/csr-700x311/ http://imyuvii.com/posts/installing-godaddy-ssl-ubuntu
Redirect 301 /how-get-first-job-freelancer-com/ http://imyuvii.com/posts/how-get-first-job-freelancer-com/
Redirect 301 /tag/ssl/ http://imyuvii.com/tags/ssl/